Primer Pair:,PCR reagent
ABCB1_AA_1,Qiagen
ABCB1_SD_1,Qiagen
ABCB4_AA_4,Qiagen
ADAM9_AA_A_2,Qiagen
ADAM9_AA_B_4,Qiagen
ADAM9_AA_C_1,Qiagen
CHC_1MPQ1,Qiagen
CHC_1MPQ2,Qiagen
CHC_1MPZ,ZymoTaq
ADAMTS10_AA_1z,Qiagen
ADAMTS17_852Del_SD_1,ZymoTaq
ADAMTS17_852Del_SD_2,ZymoTaq
ADAMTS17_852Del_SD_3,ZymoTaq
ADAMTS17_AA_1,Qiagen
ADAMTSL2_561CT_RD2,ZymoTaq
ADAMTSL2_AA_1,Qiagen
AGL_AA_1,Qiagen
AGXT_AA_1,Qiagen
FERMT3_RD_3,Qiagen
AMHR2_AA_1,Qiagen
AMN GA_RD_5,ZymoTaq
AMN_GA_RD_1,ZymoTaq
AMN_GA_RD_3,ZymoTaq
AP3B1_AA_1,Qiagen
ARSG_276GA_RD1,Qiagen
ARSG_AA_1,Qiagen
"ARSG_chr9:15,071,276[G/A]",Qiagen
ASIP[A>G]_MA,Qiagen
ASIP[C>T]_MA,Qiagen
ASIP[ins]_MA,Qiagen
ASIP[ins]_MA_1,Qiagen
ASIP[ins]_MA_2,Qiagen
ASIP_283Ins_SD_1,Qiagen
ASIP_283Ins_SD_3,Qiagen
ASIP_283Ins_SD_4,Qiagen
ASIP_283Ins_SDM_3,ZymoTaq
ASIP_283Ins_SDM_4,Qiagen
ASIP_514AG_RD_1,ZymoTaq
ATF2_AA_2,Qiagen
ATF2_RD_2,Qiagen
ATP13A2_AA_1,Qiagen
ATP7A_237CT_RD_1,ZymoTaq
ATP7A_237CT_RD_2,ZymoTaq
ATP7A_237CT_RD_3,ZymoTaq
ATP7A_237CT_RD_4,ZymoTaq
ATP7A_237CT_RD_5,ZymoTaq
ATP7B_112GA_RD_1,ZymoTaq
ATP7B_112GA_RD_2,ZymoTaq
ATP7B_112GA_RD_3,ZymoTaq
ATP7B_112GA_RD_4,ZymoTaq
ATP7B_112GA_RD_5,ZymoTaq
ATP7B_112GA_RD_6,ZymoTaq
BCAN.C_AA_C_1,Qiagen
BCAN_A_AA_1,Qiagen
BCAN_A_SD_1,Qiagen
BCAN_A_SD_1/C_SD_7,ZymoTaq
BCAN_B_AA_1,Qiagen
BCAN_B_SD_1/C_SD_5,ZymoTaq
BCAN_C_AA_1,Qiagen
BCAN_C_AA_A_1,Qiagen
BCAN_C_AA_B_1,Qiagen
BCAN_C_SD_1,Qiagen
BCAN_C_SD_3,ZymoTaq
CLN5_949del_SD8_PET,ZymoTaq
BCAN_C_SD_4,ZymoTaq
BEST1_cmr1_AA_2,Qiagen
BEST1_cmr2_AA_1,Qiagen
BEST1_cmr3_AA_1,Qiagen
BIN1_AA_1,Qiagen
C3_AA_2,Qiagen
CAPN1_339GA_RD1,Qiagen
CAPN1_AA_1,Qiagen
CBD103[del3],Qiagen
CBD103[del3]_MA,Qiagen
CBD103_STA_NED,ZymoTaq
CCDC39__270CT_RD_3,Qiagen
CCDC39_AA_1,Qiagen
CCDC39_AA_3,Qiagen
CCDC66_AA_1,Qiagen
CHAT_AA_1,Qiagen
CLCN1_AA_1,Qiagen
CLN_949del_SD8_PET,ZymoTaq
CLN5_949del_SD2_VIC,ZymoTaq
CLN5_949del_SD3_NED,ZymoTaq
CLN5_AA_3,Qiagen
CLN6_875TC_RD_1,Qiagen
CLN6_AA_1,Qiagen
CLN8_950GA_RD_1,Qiagen
CLN8_950GA_RD_3,Qiagen
CLN8_AA_1z,Qiagen
CNGA1_897Del_RD_1,Qiagen
CNGA1_897Del_SD_2,Qiagen
CNGA1_897Del_SD_3,Qiagen
CNGB1[Indel]_SD_1,Qiagen
CNGB3_2_AA_1,Qiagen
CNGB3_888Del_SD_A_2,Qiagen
CNGB3_888Del_SD_B_2,Qiagen
CNGB3_888Del_SD_C_1_1,ZymoTaq
CNGB3_AA_A_2,Qiagen
CNGB3_AA_B_2,Qiagen
CNGB3_AA_B_3,Qiagen
CNGB3_AA_C_1_1,Qiagen
CNGB3_AA_C_2_1,Qiagen
CNGB3_SD_B_2,Qiagen
CNGB3_SD_C_2_1,Qiagen
COL11A2_874GC_RD1,Qiagen
COL11A2_AA_2,Qiagen
COL11A2_RD1,Qiagen
COL1A1_AA_1,Qiagen
COL1A2_AA_1,Qiagen
COL4A4_1_AA_1,Qiagen
COL4A4_2_AA_1,Qiagen
COL4A4_2_AA_2,Qiagen
COL4A5_1_AA_1,Qiagen
COL4A5_2_AA_1,Qiagen
COL7A1_AA_1,Qiagen
COLQ_737TC_RD_1 ,Qiagen
COLQ_737TC_RD_2,Qiagen
COMMD1.C_AA_C_1,Qiagen
COMMD1_A_AA_2,Qiagen
COMMD1_B_AA_1,Qiagen
COMMD1_C_AA_1,Qiagen
COMMD1_C_AA_A_1,Qiagen
CTSD_AA_1,Qiagen
DIRAS1_564Del_SD_1,ZymoTaq
DIRAS1_564Del_SD_2,ZymoTaq
DMD_607Ins_SD2,Qiagen
DMD_670ins_InsC,ZymoTaq
DMD_670Ins_SD_1,ZymoTaq
DMD_946AG_RD_1,Qiagen
DMD_946AG_RD_2,Qiagen
DMD_AA_A_1,Qiagen
DMD_AA_A_2,Qiagen
DMD_B_AA_1,Qiagen
DMD_C_AA_C_3,Qiagen
DNM1[G/T]_PMSA_1 Mod 5,Qiagen
DNM1_762GT_RD1,ZymoTaq
DNM1_AA_2,Qiagen
EDA_AA_1,Qiagen
ENAM[del],Qiagen
F7_895GA_RD_1,ZymoTaq
F7_895GA_RD_2,ZymoTaq
F7_895GA_RD_3,ZymoTaq
F7_895GA_RD_4,ZymoTaq
F7_895GA_RD_5,ZymoTaq
F7_AA_1z,ZymoTaq
F7_AA_4,ZymoTaq
F8_AA_1,Qiagen
F9_4_AA_1,Qiagen
F9_5_AA_1,Qiagen
FAM134B_639Inv_1,ZymoTaq
FAM134B_639Inv_2,ZymoTaq
FAM134B_639Inv_4,ZymoTaq
FAM134B_639Inv_5,ZymoTaq
FAM134B_639Inv_6,ZymoTaq
FAM134B_639Inv_SD1,ZymoTaq
FAM134B_639Inv_SD4,ZymoTaq
FAM134B_639Inv_SD5,ZymoTaq
FAM134B_639Inv_SD6,ZymoTaq
FAN1.C_AA_C_1,Qiagen
FAN1.C_SD_C_1,Qiagen
FAN1_B_AA_2,Qiagen
FAN1_C_AA_2,Qiagen
FAN1_C_AA_A_1,Qiagen
FAN1_C_AA_B_1,Qiagen
FAN1_C_SD_2,Qiagen
FAN1_C_SD_A_1,Qiagen
FAN1_C_SD_B_1,Qiagen
FERMT3_932Ins_RD_3,Qiagen
FERMT3_AA_1,Qiagen
FERMT3_AA_3,Qiagen
FLCN_AA_1,Qiagen
FOXI3[DUP]_RD_3,ZymoTaq
FOXI3[Dup]_SD_5,ZymoTaq
FOXI3[Dup]_SD_5_VIC,ZymoTaq
FOXI3_498DUP_SD_7,ZymoTaq
FOXI3_498DUP_SD_7_NED,ZymoTaq
FUCA1_866Del_RD_2,ZymoTaq
FUCA1_866Del_RD_3,ZymoTaq
FUCA1_866Del_SD_1,ZymoTaq
G6PC_AA_2,Qiagen
GAA_730GA_RD1,ZymoTaq
GAA_AA_3,Qiagen
GALC_1_AA_1,Qiagen
GALC_2_AA_1,Qiagen
GLB1_1_AA_1,Qiagen
GLB1_3_AA_1z,Qiagen
GRM1,Qiagen
GRM1_AA_1,ZymoTaq
GRM1_AA_4,ZymoTaq
GUSB_1_AA_1,Qiagen
GUSB_2_AA_1,Qiagen
GUSB_2_AA_4,Qiagen
HCRTR2,Qiagen
HCRTR2_1_AA_1,Qiagen
HCRTR2_2_AA_1,Qiagen
HEXB_AA_1,Qiagen
HSF4_1_HSF4_2_AA_1,Qiagen
ITGA2B_1_AA_1,Qiagen
ITGA2B_2_AA_2,Qiagen
ITGB2_AA_2,Qiagen
KLKB1_AA_2,Qiagen
KRT10_AA_1,Qiagen
KRT71-B,Qiagen
L2HGDH_1_AA_1,Qiagen
MC5R_748AG_RD_1,Qiagen
MC5R_748AG_RD_2,Qiagen
MFN2_AA_1,Qiagen
MITF_232Del_SD_2,Qiagen
MITF_232Del_SD_4,Qiagen
MITF_232Del_SD_5,Qiagen
MITF_232Del_SDM_4,Qiagen
MITF_232Del_SDM_5,ZymoTaq
MITF_AA_1,Qiagen
MITF_MA,Qiagen
MITF_SD_1,Qiagen
MLPH_AA_3,Qiagen
MTM1_AA_1,Qiagen
MYH9_AA_1,Qiagen
NDRG1_AA_1,Qiagen
NHEJ1.C_AA_C_2,Qiagen
NHEJ1[Del]_A+B_SD_2,Qiagen
NHEJ1_028Del_SD4,Qiagen
NHEJ1_028Del_SD5,Qiagen
NHEJ1_A_AA_1,Qiagen
NHEJ1_B_AA_1,Qiagen
NHEJ1_C_AA_1,Qiagen
NHEJ1_C_AA_A_1,Qiagen
NHEJ1_C_AA_B_1,Qiagen
NIPAL4_279DelC_RD_1,ZymoTaq
NIPAL4_279DelC_RD_2,ZymoTaq
NIPAL4_279DelC_RD_3,ZymoTaq
NKX2-8_895CT_RD_3,ZymoTaq
NKX2-8_895CT_RD_4,ZymoTaq
NPHP4.C_AA_C_1,Qiagen
NPHP4_A_AA_1,Qiagen
NPHP4_B_AA_2,Qiagen
NPHP4_C_AA_3,Qiagen
NPHP4_C_AA_A_1,Qiagen
NPHP4_C_AA_B_1,Qiagen
NPHP4_MA_1,Qiagen
NPHP4_SDM_1,Qiagen
NPHP4_SDM_2,Qiagen
P2RY12_AA_1,Qiagen
PAMSA-MLPH-1,Qiagen
PAMSA-PRCD-2,Qiagen
PAMSA-SOD1-1,Qiagen
PDE6A_AA_1,Qiagen
PDE6B,Qiagen
PDE6B_1_PDE6B_2_2_AA_1,Qiagen
PDK4,Qiagen
PDK4[Del16]_SD_1,Qiagen
PDK4_AA_2,Qiagen
PDP1_AA_1,Qiagen
PFKM_1_AA_1,Qiagen
PFKM_2_AA_1,Qiagen
PKD1_AA_1,Qiagen
PKLR[Ins6]_SD_1,Qiagen
PKLR_2_AA_4,Qiagen
PKLR_3_AA_2,Qiagen
PKLR_4_AA_1,Qiagen
PKLR_5_AA_1,Qiagen
PKP1_531GC_RD_1,ZymoTaq
PKP1_531GC_RD_3,ZymoTaq
PLA2G6_820GA_RD_1,ZymoTaq
PLA2G6_820GA_RD_2,ZymoTaq
PLA2G6_820GA_RD_3,ZymoTaq
PMEL_837Ins_MA_F1R1,Qiagen
PMEL_837Ins_SD_4,Qiagen
PMEL_837Ins_SD_5,Qiagen
PMEL_AA_1,Qiagen
PMEL_SD_3,Qiagen
PMEL_SD3_VIC,Qiagen
PMEL_SD4_FAM,Qiagen
PNPLA1,Qiagen
PNPLA1[Ins]_SD_1,Qiagen
PNPLA1_AA_3,Qiagen
PPT1_477InsC_RD1,Qiagen
PPT1_AA_1,Qiagen
PMEL_intSD7_NED,ZymoTaq
PRCD_AA_1,Qiagen
PRKDC_AA_2z,Qiagen
PSMB7,Qiagen
PSMB7_AA_1,Qiagen
PSMB7_MA,Qiagen
PSMB7_RD_1,Qiagen
PTPLA_988Ins_SD_5,Qiagen
PTPLA_988Ins_SD_6,Qiagen
PTPLA_988Ins_SDM_2,Qiagen
PTPLA_AA_1z,Qiagen
PTPLA_SD_4,Qiagen
PTPLA-2,Qiagen
PTPLA-3,Qiagen
PTPLA-3-64deg,Qiagen
RAG1_AA_1,Qiagen
RASGRP1_1_AA_1,Qiagen
RASGRP1_3_AA_1,Qiagen
RD3_RD_11G,ZymoTaq
RD3_SD_3G,ZymoTaq
RD3_SD1_PET,ZymoTaq
RD3_SD3G_NED,ZymoTaq
RD3Ins_SD_1,ZymoTaq
RHO_AA_1,Qiagen
RPE65 [del],Qiagen
RPE65_AA_2,Qiagen
RPE65_SD_1,Qiagen
RPGRIP1,Qiagen
RPGRIP1_SD_2,Qiagen
RSPO2_419Ins_MA_2,Qiagen
RSPO2_419Ins_MA_3,Qiagen
RSPO2_419Ins_SD6,Qiagen
RSPO2_AA_1,Qiagen
RSPO2_Ins_MA_2,Qiagen
RSPO2_MA,Qiagen
RYR1_AA_1z,Qiagen
SEL1L_AA_3,Qiagen
SERAC1[Del4]_SD_1,Qiagen
SERAC1_147CT_RD1,ZymoTaq
SERAC1_AA_KBT_2,Qiagen
SERAC1_RD1,ZymoTaq
SERPINH1_735TC_RD1,Qiagen
SERPINH1_AA_1,Qiagen
SGSH_1_AA_1,Qiagen
SGSH_2_AA_2,Qiagen
SLC13A1_771Del_SD_1+2,Qiagen
SLC13A1_771Del_SD_3+4,Qiagen
SLC13A1_AA_A_2,Qiagen
SLC13A1_AA_A_3,Qiagen
SLC13A1_AA_B_1,Qiagen
SLC13A1_AA_B_2,Qiagen
SLC13A1_AA_C_2_1,Qiagen
SLC4A3_SD2_PET,ZymoTaq
SLC4A3_SD3_FAM,ZymoTaq
AP3B1_SD1_PET,ZymoTaq
AP3B1_SD2_VIC,ZymoTaq
SLC13A1_C_1_1,Qiagen
SLC19A3_AA_2,Qiagen
SLC2A9_AA_1z,Qiagen
SLC2A9_RD_1z,Qiagen
SLC3A1,Qiagen
SLC3A1_948DelG_RD_2 Mod 6,Qiagen
SLC3A1_AA_1,Qiagen
SLC45A2_275Del_SD_ 1F/A3R/1R2,ZymoTaq
SLC45A2_275Del_SD_A3F/2R1/2R2,ZymoTaq
SLC6A5.C_AA_C_1,ZymoTaq
SLC6A5_698Del_SD_A_1,ZymoTaq
SLC6A5_698Del_SD_B_1,ZymoTaq
SLC6A5_698Del_SD_C_1,ZymoTaq
SLC6A5_698Del_SD_C_2,ZymoTaq
SLC6A5_B_AA_2,ZymoTaq
SLC6A5_C_AA_1,ZymoTaq
SLC6A5_C_AA_A_2,ZymoTaq
SLC6A5_C_AA_B_1,Qiagen
SOD1_342GA_RD1,Qiagen
SOD1_AA_1,Qiagen
SOD1_AT_SD_2,ZymoTaq
SOD1_AT_SD_2F/1R,ZymoTaq
SOD1_AT_SD_3,ZymoTaq
SOD1_AT_SD_4 ,ZymoTaq
SPTB_AA_1,Qiagen
SPTBN2_AA_1,Qiagen
STK38L_A_AA_1z,Qiagen
SUV39H2_AA_3,Qiagen
SUV39H2_RD_3,Qiagen
TECPR2_320CT_RD_1,Qiagen
TECPR2_320CT_RD_2,Qiagen
TPO_2_AA_1,Qiagen
TPO_2_AA_1z,Qiagen
TPO_660CT_RD_1,Qiagen
TPO_660CT_RD_2,Qiagen
TPP1_AA_1,Qiagen
tRNA_Tyr_304Del_RD1,ZymoTaq
tRNA_Tyr_AA_1,ZymoTaq
TUBB1_AA_1,Qiagen
TYRP1[T-A]_PMSA_2 Mod 1,Qiagen
VPS13B,Qiagen
VPS13B[Del4]_SD_1,Qiagen
VWF2_099AG_RD1,Qiagen
VWF2_AA_1,Qiagen
VWF3_1_AA_3,Qiagen
VWF3_2_AA_1,Qiagen
VWFI[G/A]_PMSA_1 Mod 2,Qiagen
VWFI[G/A]_PMSA_3 Mod 5,Qiagen
SOD1_AT_RD2,ZymoTaq
